{"_timestamp":1.7436418506142588e+09,"stats/acc_pi":0.0625,"stats/acc_exp":1,"_runtime":2.0769484,"_step":1,"_wandb":{"runtime":2},"loss/disc":1.316744089126587}