{"_runtime":4.5723603,"stats/acc_pi":0.5625,"stats/acc_exp":1,"_timestamp":1.7436422218668993e+09,"_wandb":{"runtime":4},"loss/critic":15.743402481079102,"_step":5,"stats/entropy":0.47713443636894226,"loss/actor":-0.022980835288763046,"loss/disc":1.0646569728851318}