{"_timestamp":1.7436372902330887e+09,"_wandb":{"runtime":5},"_runtime":5.4694597,"_step":9,"epoch":9,"train_loss":0.1,"accuracy":0.95,"learning_rate":0.001}